{
  "macro_f1": 0.49991830065359477,
  "average_confidence": 1.0,
  "avg_latency_ms": 20.54513931274414,
  "n_samples": 25
}