{
  "macro_f1": 0.9130152992306199,
  "average_confidence": 0.9541554204242377,
  "avg_latency_ms": 16.842634337288995,
  "n_samples": 140
}